shap_potassium,shap_phosphorus,shap_protein_per_kg,shap_sodium,shap_potassium_ratio,shap_phosphorus_ratio,shap_protein_ratio,shap_sodium_ratio,shap_ckd_stage_encoded,top_feature
-0.054110512,-0.03942334,-0.22340567,-1.9961786,-0.09416519,-3.236348,-1.1747447,0.0,0.0,phosphorus_ratio
-0.027428612,-0.04209473,-0.3971598,1.6879132,-0.06338108,-4.363767,-1.2350652,0.0,0.0,phosphorus_ratio
-0.027428612,-0.044235975,-0.4084974,1.8022944,-0.063048914,-4.511769,-1.2166638,0.0,0.0,phosphorus_ratio
-0.017324002,0.03460632,-0.33541474,2.342916,-0.018758124,3.4564517,-1.25294,0.0,0.0,phosphorus_ratio
0.090955116,0.014130451,0.5257665,2.0310402,0.072069176,2.6137035,1.1321263,0.0,0.0,phosphorus_ratio
-0.003010336,-0.01504637,0.33315328,2.1015956,4.337076e-05,1.0117234,0.21852405,0.0,0.0,sodium
0.3857975,-0.03942334,-0.19635141,-1.8264972,0.14118463,-3.5767105,-1.1150308,0.0,0.0,phosphorus_ratio
0.090955116,0.014130451,0.48766324,2.0310402,0.072069176,2.5756001,1.2083328,0.0,0.0,phosphorus_ratio
0.090955116,0.014130451,0.48766324,2.0310402,0.072069176,2.5756001,1.2083328,0.0,0.0,phosphorus_ratio
-0.032026064,-0.042618237,-0.31998146,1.8311222,-0.06465554,-4.579928,-0.99316365,0.0,0.0,phosphorus_ratio
-0.0016917165,0.014130451,0.5080168,2.065774,0.065753594,2.588498,1.23931,0.0,0.0,phosphorus_ratio
-0.003965956,0.014130451,0.5080168,2.1021154,-0.055931177,2.6097717,1.2659938,0.0,0.0,phosphorus_ratio
0.0008541432,0.014130451,0.5504985,2.0732477,0.03799268,2.6325688,1.170499,0.0,0.0,phosphorus_ratio
-0.054110512,-0.03942334,-0.22966573,-1.98365,-0.09416519,-3.2308605,-1.1865008,0.0,0.0,phosphorus_ratio
-0.04836551,0.0028080908,-0.0096188,2.2058032,-0.07059334,2.9890864,-0.714207,0.0,0.0,phosphorus_ratio
-0.0016917165,0.014130451,0.5388629,2.1028595,0.002044377,2.6391082,1.2027924,0.0,0.0,phosphorus_ratio
0.090955116,0.014130451,0.48766324,2.0310402,0.072069176,2.5756001,1.2083328,0.0,0.0,phosphorus_ratio
-0.0375472,-0.012991301,-0.0014824597,1.9780909,-0.055931177,2.555658,1.3828876,0.0,0.0,phosphorus_ratio
-0.02653189,-0.019979563,1.7671174,2.998274,-0.05347159,-3.400282,1.7339838,0.0,0.0,phosphorus_ratio
-0.053445123,-0.040685177,-0.27006772,-1.9782938,-0.09416519,-3.1881466,-1.1935722,0.0,0.0,phosphorus_ratio
0.64224476,0.023224982,-0.34044248,-2.93112,0.12581605,2.817661,-1.8410581,0.0,0.0,sodium
-0.027304787,-0.044666648,-0.46159843,1.7966313,-0.063048914,-4.432675,-1.2366865,0.0,0.0,phosphorus_ratio
-0.00054101716,0.039213363,0.5462908,2.100933,0.029471552,2.3678062,1.2544198,0.0,0.0,phosphorus_ratio
-0.053445123,-0.040685177,-0.26380768,-1.9999912,-0.09416519,-3.1907072,-1.1876701,0.0,0.0,phosphorus_ratio
0.0007932626,0.014130451,0.49486026,2.0548677,0.072069176,2.6062675,1.2368029,0.0,0.0,phosphorus_ratio
0.16983457,-0.040685177,-0.26534218,-1.834421,0.11331129,-3.5992734,-1.1281805,0.0,0.0,phosphorus_ratio
-0.0016917165,0.014130451,0.5461201,2.1098692,-0.0063650017,2.6244607,1.1848582,0.0,0.0,phosphorus_ratio
0.090955116,0.014130451,0.48766324,2.0310402,0.072069176,2.5756001,1.2083328,0.0,0.0,phosphorus_ratio
-4.3187756e-06,0.03377695,0.0059251874,2.2285626,0.08131213,3.6246707,-0.64828944,0.0,0.0,phosphorus_ratio
-0.017324002,0.03460632,-0.33541474,2.342916,-0.010348743,3.4564517,-1.25294,0.0,0.0,phosphorus_ratio
-0.0016917165,0.027394682,0.5154447,2.1234062,0.008455504,2.2006526,1.3333894,0.0,0.0,phosphorus_ratio
0.09430028,0.014130451,0.48101565,2.0358107,0.07654517,2.7535615,0.96142125,0.0,0.0,phosphorus_ratio
-0.048950445,0.014130451,0.5080168,2.1091251,-0.055931177,2.577238,1.2565448,0.0,0.0,phosphorus_ratio
-0.053445123,-0.040685177,-0.2669381,-1.9868515,-0.09416519,-3.1949034,-1.1813874,0.0,0.0,phosphorus_ratio
0.05007441,0.014130451,0.50810355,2.0402558,0.059441715,2.596041,1.2117447,0.0,0.0,phosphorus_ratio
-0.053445123,-0.040685177,-0.26486215,-2.0213926,-0.09416519,-3.1904774,-1.1876343,0.0,0.0,phosphorus_ratio
0.090955116,0.014130451,0.48766324,2.0310402,0.072069176,2.5756001,1.2083328,0.0,0.0,phosphorus_ratio
-0.027304787,-0.043374255,-0.45455655,1.6640432,-0.063048914,-4.474307,-1.2182366,0.0,0.0,phosphorus_ratio
-0.056308087,-0.037917092,-0.15132636,-2.0208726,-0.09416519,-3.3509543,-1.1411184,0.0,0.0,phosphorus_ratio
0.11540916,0.013333607,0.004216747,1.8887466,0.072069176,3.2537575,1.1237717,0.0,0.0,phosphorus_ratio
0.090955116,0.014130451,0.5257665,2.0310402,0.072069176,2.6137035,1.1321263,0.0,0.0,phosphorus_ratio
-0.0007148681,0.013808645,-0.2179436,1.9829272,0.07654517,3.3377962,0.97642744,0.0,0.0,phosphorus_ratio
-0.004026836,0.014130451,0.49068007,2.120665,-0.05724919,2.8012283,0.99338186,0.0,0.0,phosphorus_ratio
0.090955116,0.014130451,0.48766324,2.0310402,0.072069176,2.5756001,1.2083328,0.0,0.0,phosphorus_ratio
-0.054110512,-0.03942334,-0.22340567,-1.9961786,-0.09416519,-3.236348,-1.1747447,0.0,0.0,phosphorus_ratio
-0.013632431,-0.03709629,-0.12765558,-1.967576,0.09061594,-3.618483,-0.94572794,0.0,0.0,phosphorus_ratio
-0.010087744,0.03377695,0.0050420924,2.2586381,0.030799525,3.7236402,-0.6456641,0.0,0.0,phosphorus_ratio
0.068471305,0.014130451,0.49890515,2.0310402,0.072069176,2.5868423,1.2083328,0.0,0.0,phosphorus_ratio
-0.0315914,-0.014698975,0.37856516,-2.3137817,-0.024049113,3.1253252,2.1213229,0.0,0.0,phosphorus_ratio
-0.039515585,-0.036384124,-0.33792725,2.320436,-0.0683243,3.478272,-1.257842,0.0,0.0,phosphorus_ratio
0.090955116,0.014130451,0.48766324,2.0310402,0.072069176,2.5756001,1.2083328,0.0,0.0,phosphorus_ratio
-0.03591709,-0.040685177,-0.2660775,-1.9713538,0.052715883,-3.1951327,-1.1964875,0.0,0.0,phosphorus_ratio
-0.07772334,0.020657927,0.3522493,-2.2893147,-0.09237237,3.1137981,2.2065463,0.0,0.0,phosphorus_ratio
-0.034043532,-0.039548077,0.14153522,-1.8845719,-0.09493247,-4.4938025,-0.024525575,0.0,0.0,phosphorus_ratio
-0.053445123,-0.040685177,-0.26380768,-1.9878955,-0.09416519,-3.1907072,-1.1876701,0.0,0.0,phosphorus_ratio
-0.03165228,-0.014698975,0.3775495,-2.31278,-0.049783275,3.164009,2.0977163,0.0,0.0,phosphorus_ratio
-0.056308087,-0.037917092,-0.14566761,-1.999204,-0.09416519,-3.3560996,-1.1290141,0.0,0.0,phosphorus_ratio
-0.059746746,-0.03709629,-0.12084096,-2.0034578,-0.09580594,-3.5139453,-0.9813627,0.0,0.0,phosphorus_ratio
-0.039515585,0.03460632,-0.33541474,2.339304,-0.0683243,3.4700377,-1.2407229,0.0,0.0,phosphorus_ratio
-0.034292467,-0.016815532,0.06970309,-2.1882815,-0.024049113,3.3298726,2.1307552,0.0,0.0,phosphorus_ratio
-0.059081357,-0.03904342,-0.26380768,-2.0088894,-0.09684515,-3.3717537,-0.97283566,0.0,0.0,phosphorus_ratio
-0.0016917165,0.014130451,0.5080168,2.1063514,0.005562265,2.5863574,1.2610649,0.0,0.0,phosphorus_ratio
-0.069183424,0.0029437416,0.13666798,-3.5373468,0.12423736,2.852601,-1.2207291,0.0,0.0,sodium
-0.027304787,-0.044666648,-0.46159843,1.7966313,-0.063048914,-4.432675,-1.2366865,0.0,0.0,phosphorus_ratio
-0.053445123,-0.040685177,-0.27006772,-1.9782938,-0.09416519,-3.1881466,-1.1935722,0.0,0.0,phosphorus_ratio
-0.06591304,0.017783344,0.09968301,-2.2171926,-0.09237237,2.5221555,2.2451565,0.0,0.0,phosphorus_ratio
0.0049398765,0.014130451,0.494625,2.0525522,0.072069176,2.6069875,1.2344873,0.0,0.0,phosphorus_ratio
0.090955116,0.014130451,0.48766324,2.0310402,0.072069176,2.5756001,1.2083328,0.0,0.0,phosphorus_ratio
0.10199154,0.031890213,0.19232263,1.8921154,0.09788206,3.5820956,0.120991275,0.0,0.0,phosphorus_ratio
0.090955116,0.014130451,0.48766324,2.0310402,0.072069176,2.5756001,1.2083328,0.0,0.0,phosphorus_ratio
-0.039996278,-0.03709629,-0.12084096,-2.0062485,-0.02099085,-3.5306616,-0.9755106,0.0,0.0,phosphorus_ratio
0.090955116,0.014130451,0.48766324,2.0310402,0.072069176,2.5756001,1.2083328,0.0,0.0,phosphorus_ratio
-0.053445123,-0.040685177,-0.26380768,-2.0221817,-0.09416519,-3.1907072,-1.1876701,0.0,0.0,phosphorus_ratio
0.0008541432,0.014130451,0.53966445,2.0767431,0.03799268,2.615698,1.1947082,0.0,0.0,phosphorus_ratio
-0.053445123,-0.040685177,-0.27006772,-1.9782938,-0.09416519,-3.1881466,-1.1935722,0.0,0.0,phosphorus_ratio
-0.0285007,-0.017294474,0.07054171,-2.148972,0.12783939,3.3098102,2.1183925,0.0,0.0,phosphorus_ratio
-0.0315914,-0.014698975,0.34590635,-2.284978,-0.049783275,3.112133,2.1876595,0.0,0.0,phosphorus_ratio
0.090955116,0.014130451,0.48766324,2.0310402,0.072069176,2.5756001,1.2083328,0.0,0.0,phosphorus_ratio
-0.053445123,-0.040685177,-0.26380768,-1.9878955,-0.09416519,-3.1907072,-1.1876701,0.0,0.0,phosphorus_ratio
-0.027428612,-0.04308431,-0.39304164,1.578203,-0.063048914,-4.544615,-1.2171363,0.0,0.0,phosphorus_ratio
0.090955116,0.014130451,0.48766324,2.0310402,0.072069176,2.5756001,1.2083328,0.0,0.0,phosphorus_ratio
0.0008541432,0.014130451,0.50881827,2.0767431,0.03799268,2.5848522,1.2564005,0.0,0.0,phosphorus_ratio
0.090955116,0.014130451,0.48766324,2.0310402,0.072069176,2.5756001,1.2083328,0.0,0.0,phosphorus_ratio
-0.039996278,-0.03709629,-0.12084096,-2.0051003,-0.027482675,-3.5275502,-0.98255366,0.0,0.0,phosphorus_ratio
-0.16739042,0.015720364,-0.028039329,-3.7132006,-0.10141119,2.622625,-2.0416698,0.0,0.0,sodium
-0.05000126,0.032002453,-0.048186537,2.3671684,-0.0683243,3.5850146,-1.023095,0.0,0.0,phosphorus_ratio
0.090955116,0.014130451,0.48766324,2.0310402,0.072069176,2.5756001,1.2083328,0.0,0.0,phosphorus_ratio
-0.053445123,-0.040685177,-0.27006772,-1.9782938,-0.09416519,-3.1881466,-1.1935722,0.0,0.0,phosphorus_ratio
-0.032026064,-0.043467082,-0.33070964,1.7929916,-0.06385632,-4.7575912,-1.0011944,0.0,0.0,phosphorus_ratio
0.090955116,0.014130451,0.48766324,2.0310402,0.072069176,2.5756001,1.2083328,0.0,0.0,phosphorus_ratio
-0.07760906,0.017373018,0.22646543,-2.1997738,-0.049783275,3.179432,2.2598093,0.0,0.0,phosphorus_ratio
0.090955116,0.008870352,0.48594972,1.9373951,0.072069176,2.6143184,1.2054904,0.0,0.0,phosphorus_ratio
-0.00060189865,0.014130451,0.4718046,2.045444,0.072069176,2.632436,1.2445092,0.0,0.0,phosphorus_ratio
-0.053445123,-0.040685177,-0.26380768,-1.9878955,-0.09416519,-3.1907072,-1.1876701,0.0,0.0,phosphorus_ratio
0.090955116,0.014130451,0.48766324,2.0310402,0.072069176,2.5756001,1.2083328,0.0,0.0,phosphorus_ratio
-0.025572632,-0.042207383,-0.45515844,0.34976655,-0.078879654,-3.650438,-1.3412713,0.0,0.0,phosphorus_ratio
-0.061399613,0.031093372,0.004805477,2.328153,-0.06983055,3.7099597,-0.6630054,0.0,0.0,phosphorus_ratio
-0.053445123,-0.040685177,-0.27006772,-1.9782938,-0.09416519,-3.1881466,-1.1935722,0.0,0.0,phosphorus_ratio
-0.053445123,-0.040685177,-0.27006772,-1.9782938,-0.09416519,-3.1881466,-1.1935722,0.0,0.0,phosphorus_ratio
0.05007441,0.014130451,0.50810355,2.0402558,0.059441715,2.596041,1.2117447,0.0,0.0,phosphorus_ratio
0.005000757,0.014130451,0.50858307,2.06641,0.0510554,2.5883262,1.2462854,0.0,0.0,phosphorus_ratio
0.05007441,0.014130451,0.50810355,2.0310402,0.072069176,2.596041,1.2083328,0.0,0.0,phosphorus_ratio
-0.03013872,-0.042724118,0.25664386,1.8453958,-0.06385632,-4.6144667,-1.0218229,0.0,0.0,phosphorus_ratio
0.090955116,0.014130451,0.48766324,2.0310402,0.072069176,2.5756001,1.2083328,0.0,0.0,phosphorus_ratio
-0.017324002,0.03460632,-0.33541474,2.336505,-0.003937612,3.4564517,-1.25294,0.0,0.0,phosphorus_ratio
0.15258811,0.03353874,-0.19969805,2.1655972,0.09556702,3.4596045,-1.1875379,0.0,0.0,phosphorus_ratio
-0.03273885,-0.014698975,0.34771904,-2.316711,-0.09237237,3.0948615,2.1833975,0.0,0.0,phosphorus_ratio
-0.043339126,-0.03942334,-0.22340567,-1.9961786,-0.09416519,-3.2400308,-1.1818331,0.0,0.0,phosphorus_ratio
0.2095052,-0.014698975,0.34214857,-2.149939,0.14817396,3.1902094,1.496138,0.0,0.0,phosphorus_ratio
-0.003965956,0.014130451,0.5388629,2.1091251,-0.055931177,2.618713,1.2008818,0.0,0.0,phosphorus_ratio
0.090955116,0.014130451,0.48766324,2.0310402,0.072069176,2.5756001,1.2083328,0.0,0.0,phosphorus_ratio
-0.049064454,0.014130451,0.30518964,2.0461771,-0.04845943,2.8086634,1.2910087,0.0,0.0,phosphorus_ratio
-0.058395524,-0.037402026,-0.10456047,-1.9846565,-0.09684515,-3.647019,-0.82693803,0.0,0.0,phosphorus_ratio
0.090955116,0.014130451,0.5257665,2.0310402,0.072069176,2.6137035,1.1321263,0.0,0.0,phosphorus_ratio
0.3844113,-0.040685177,-0.24316154,-1.8600987,0.14118463,-3.520431,-1.122537,0.0,0.0,phosphorus_ratio
0.090955116,0.014130451,0.48766324,2.0310402,0.072069176,2.5756001,1.2083328,0.0,0.0,phosphorus_ratio
-0.0315914,-0.014698975,0.34771904,-2.3137817,-0.024049113,3.094479,2.183015,0.0,0.0,phosphorus_ratio
-0.001752597,0.014130451,0.5320419,2.0848482,0.016759275,2.6722777,1.1614864,0.0,0.0,phosphorus_ratio
-0.0315914,-0.014698975,0.34590635,-2.2799215,-0.01651808,3.0964708,2.1850069,0.0,0.0,phosphorus_ratio
-0.037398145,-0.0011945982,0.8223648,2.409996,-0.05526154,0.6269006,1.543555,0.0,0.0,sodium
-0.053445123,-0.040685177,-0.27006772,-1.9782938,-0.09416519,-3.1881466,-1.1935722,0.0,0.0,phosphorus_ratio
-0.04717849,0.013333607,0.017492067,1.9651067,0.002044377,3.174977,1.2923731,0.0,0.0,phosphorus_ratio
-0.017324002,0.03460632,-0.33541474,2.342916,-0.06085255,3.4564517,-1.25294,0.0,0.0,phosphorus_ratio
0.11532618,0.03460632,-0.3337683,2.1469285,0.09556702,3.464533,-1.1882566,0.0,0.0,phosphorus_ratio
0.0008541432,0.014130451,0.50881827,2.0595102,0.072069176,2.5876062,1.2368029,0.0,0.0,phosphorus_ratio
-0.04673814,0.027394682,0.5154447,2.1290731,-0.055931177,2.1739156,1.3295641,0.0,0.0,phosphorus_ratio
-9.9407276e-05,0.010415908,0.4850417,1.4181331,0.09104712,2.766326,1.2160095,0.0,0.0,phosphorus_ratio
-0.034043532,-0.022734039,0.16477643,-1.8890129,-0.1000893,-4.3372645,-0.0037783217,0.0,0.0,phosphorus_ratio
0.090955116,0.014130451,0.48766324,2.0310402,0.072069176,2.5756001,1.2083328,0.0,0.0,phosphorus_ratio
0.090955116,0.014130451,0.48766324,2.0310402,0.072069176,2.5756001,1.2083328,0.0,0.0,phosphorus_ratio
-0.032026064,-0.042618237,-0.31998146,1.8311222,-0.06465554,-4.56736,-1.0057315,0.0,0.0,phosphorus_ratio
-0.15999989,0.020058772,-0.33027217,-3.6805725,0.010966498,2.498141,-2.1721292,0.0,0.0,sodium
-0.07927696,0.017783344,-0.007532236,-2.17036,-0.09237237,3.3004224,2.1181834,0.0,0.0,phosphorus_ratio
-0.05951077,0.034418304,0.20217931,2.2915323,-0.07059334,3.4331818,-0.24600728,0.0,0.0,phosphorus_ratio
-0.027304787,-0.044666648,-0.46159843,1.7966313,-0.063048914,-4.432675,-1.2366865,0.0,0.0,phosphorus_ratio
0.090955116,0.014130451,0.48766324,2.0310402,0.072069176,2.5756001,1.2083328,0.0,0.0,phosphorus_ratio
0.0049398765,0.014130451,0.5326081,2.056104,0.059441715,2.6742465,1.1383208,0.0,0.0,phosphorus_ratio
0.090955116,0.014130451,0.48766324,2.0310402,0.072069176,2.5756001,1.2083328,0.0,0.0,phosphorus_ratio
-0.048950445,-0.013145781,0.5080834,2.0764415,-0.055931177,2.60242,1.283989,0.0,0.0,phosphorus_ratio
-0.076265864,0.020058772,-0.3337908,-3.629559,0.15368937,2.5012133,-2.0861497,0.0,0.0,sodium
0.090955116,0.014130451,0.48766324,2.0310402,0.072069176,2.5756001,1.2083328,0.0,0.0,phosphorus_ratio
0.090955116,0.014130451,0.48766324,2.0310402,0.072069176,2.5756001,1.2083328,0.0,0.0,phosphorus_ratio
0.005000757,0.008870352,0.50686955,1.9586904,0.059441715,2.6505005,1.2439898,0.0,0.0,phosphorus_ratio
0.005000757,0.014005862,0.50858307,2.0572686,0.072069176,2.5883026,1.2345614,0.0,0.0,phosphorus_ratio
-0.0016917165,0.014130451,0.5461201,2.1034582,0.008455504,2.6244607,1.1848582,0.0,0.0,phosphorus_ratio
0.0008541432,0.014130451,0.50881827,2.0767431,0.03799268,2.5848522,1.2564005,0.0,0.0,phosphorus_ratio
-0.0016917165,0.014130451,0.5080168,2.1034582,0.008455504,2.5863574,1.2610649,0.0,0.0,phosphorus_ratio
0.090955116,0.014130451,0.48766324,2.0310402,0.072069176,2.5756001,1.2083328,0.0,0.0,phosphorus_ratio
-0.039127886,-0.040685177,-0.2669381,-1.9769309,0.00453762,-3.1922245,-1.1970065,0.0,0.0,phosphorus_ratio
-0.053445123,-0.040685177,-0.26380768,-1.9878955,-0.09416519,-3.1907072,-1.1876701,0.0,0.0,phosphorus_ratio
0.05007441,0.014130451,0.50810355,2.0355272,0.065753594,2.596041,1.2101613,0.0,0.0,phosphorus_ratio
0.022997594,0.014130451,0.508385,2.0466378,0.072069176,2.591641,1.2239306,0.0,0.0,phosphorus_ratio
-0.04956957,0.013333607,0.0056571304,1.967168,-0.055931177,3.177289,1.2937396,0.0,0.0,phosphorus_ratio
0.090955116,0.014130451,0.48766324,2.0310402,0.072069176,2.5756001,1.2083328,0.0,0.0,phosphorus_ratio
0.0008541432,0.014130451,0.50881827,2.0767431,0.03799268,2.5848522,1.2564005,0.0,0.0,phosphorus_ratio
-0.015200988,-0.019470543,0.6284024,-2.5172062,-0.08269623,-4.080965,1.383895,0.0,0.0,phosphorus_ratio
-0.039127886,-0.040685177,-0.27006772,-1.9832482,-0.09416519,-3.190885,-1.2001964,0.0,0.0,phosphorus_ratio
-0.007892892,-0.014698975,0.3841938,-2.2355795,0.09885228,3.141224,2.0535717,0.0,0.0,phosphorus_ratio
0.0008541432,0.014130451,0.50881827,2.0595102,0.072069176,2.5876062,1.2368029,0.0,0.0,phosphorus_ratio
-0.0016917165,0.014130451,0.5388629,2.1098692,-0.013342093,2.6172035,1.1993726,0.0,0.0,phosphorus_ratio
-0.03927467,-0.031555817,-0.23493102,-1.7593937,-0.09493247,-4.412276,0.1375973,0.0,0.0,phosphorus_ratio
0.05007441,0.014130451,0.50810355,2.0355272,0.065753594,2.596041,1.2101613,0.0,0.0,phosphorus_ratio
-0.017324002,0.03448173,-0.30549926,2.3495631,-0.025735214,3.485765,-1.2314488,0.0,0.0,phosphorus_ratio
-0.07772334,0.059758667,0.3522493,-2.2893147,-0.09237237,3.1137981,2.2065463,0.0,0.0,phosphorus_ratio
0.05007441,0.014130451,0.50810355,2.0310402,0.072069176,2.596041,1.2083328,0.0,0.0,phosphorus_ratio
0.05007441,0.014130451,0.50810355,2.0310402,0.072069176,2.596041,1.2083328,0.0,0.0,phosphorus_ratio
-0.027304787,-0.044666648,-0.46159843,1.8044529,-0.063048914,-4.415623,-1.2326951,0.0,0.0,phosphorus_ratio
-0.03989583,0.03353874,-0.18781497,2.370394,-0.0683243,3.5174506,-1.1715689,0.0,0.0,phosphorus_ratio
-0.048950445,0.014130451,0.5080168,2.1091251,-0.055931177,2.577238,1.2565448,0.0,0.0,phosphorus_ratio
0.090955116,0.014130451,0.48766324,2.0310402,0.072069176,2.5756001,1.2083328,0.0,0.0,phosphorus_ratio
-0.003965956,0.014130451,0.5080168,2.1027138,0.008455504,2.5878668,1.2625741,0.0,0.0,phosphorus_ratio
-0.039515585,0.03386284,-0.34464705,2.337394,-0.0683243,3.1064281,-1.2824427,0.0,0.0,phosphorus_ratio
-0.017573427,-0.040685177,-0.2664138,-1.9586467,0.085874625,-3.2404401,-1.1877903,0.0,0.0,phosphorus_ratio
-0.0016917165,0.014130451,0.5080168,2.0705025,0.059441715,2.588498,1.2408934,0.0,0.0,phosphorus_ratio
-0.027304787,-0.044666648,-0.46159843,1.8044529,-0.063048914,-4.415623,-1.2326951,0.0,0.0,phosphorus_ratio
-0.053445123,-0.040685177,-0.26486215,-2.0213926,-0.09416519,-3.1904774,-1.1876343,0.0,0.0,phosphorus_ratio
0.090955116,0.014130451,0.48766324,2.0310402,0.072069176,2.5756001,1.2083328,0.0,0.0,phosphorus_ratio
-0.048950445,0.039213363,0.5088719,2.0753274,-0.055931177,2.5856438,1.2695177,0.0,0.0,phosphorus_ratio
-0.0016917165,0.014005862,0.5080168,2.0867198,0.029471552,2.5869105,1.2563586,0.0,0.0,phosphorus_ratio
-0.004026836,0.010415908,0.47028217,1.931947,0.005562265,2.7136445,1.2675368,0.0,0.0,phosphorus_ratio
-0.053445123,-0.040685177,-0.26380768,-1.9999912,-0.09416519,-3.1907072,-1.1876701,0.0,0.0,phosphorus_ratio
0.12213884,0.031093372,0.0076242923,2.1040995,0.09973359,3.718434,-0.61001474,0.0,0.0,phosphorus_ratio
0.090955116,0.014130451,0.48766324,2.0310402,0.072069176,2.5756001,1.2083328,0.0,0.0,phosphorus_ratio
0.005000757,0.014130451,0.50858307,2.0571945,0.072069176,2.5883262,1.2344873,0.0,0.0,phosphorus_ratio
0.090955116,0.014130451,0.48766324,2.0310402,0.072069176,2.5756001,1.2083328,0.0,0.0,phosphorus_ratio
-0.0016917165,0.014130451,0.5080168,2.1063514,0.005562265,2.5863574,1.2610649,0.0,0.0,phosphorus_ratio
-0.0016917165,0.014005862,0.54969704,2.0942576,-0.013342093,2.6730614,1.1667317,0.0,0.0,phosphorus_ratio
-0.053445123,-0.040685177,-0.27006772,-1.9782938,-0.09416519,-3.1881466,-1.1935722,0.0,0.0,phosphorus_ratio
-0.048950445,0.039213363,0.5154447,2.1240907,-0.055931177,2.3153846,1.3170508,0.0,0.0,phosphorus_ratio
-0.00054101716,0.014130451,0.5080168,2.0606084,0.072069176,2.5887046,1.2368029,0.0,0.0,phosphorus_ratio
0.090955116,0.014130451,0.5257665,2.0310402,0.072069176,2.6137035,1.1321263,0.0,0.0,phosphorus_ratio
-0.18344288,-0.020635873,-0.34527966,-3.693831,-0.10141119,2.4171321,-2.1529973,0.0,0.0,sodium
0.090955116,0.014130451,0.5257665,2.0310402,0.072069176,2.6137035,1.1321263,0.0,0.0,phosphorus_ratio
-0.053445123,-0.040685177,-0.27006772,-1.9782938,-0.09416519,-3.1881466,-1.1935722,0.0,0.0,phosphorus_ratio
0.074535124,-0.018687174,1.714023,2.7733464,0.070049636,-3.3032353,1.6746848,0.0,0.0,phosphorus_ratio
-0.053543568,0.00094423303,0.064775,-3.6497774,0.12423736,2.7306092,-1.569402,0.0,0.0,sodium
0.090955116,0.014130451,0.48766324,2.0310402,0.072069176,2.5756001,1.2083328,0.0,0.0,phosphorus_ratio
-0.053445123,-0.040685177,-0.27006772,-1.9782938,-0.09416519,-3.1881466,-1.1935722,0.0,0.0,phosphorus_ratio
0.15258811,0.03353874,-0.19969805,2.1698406,0.09556702,3.4692771,-1.1576711,0.0,0.0,phosphorus_ratio
-0.032026064,-0.043467082,-0.33070964,1.8008132,-0.06385632,-4.740539,-0.997203,0.0,0.0,phosphorus_ratio
-0.03927467,-0.017704047,-0.22715858,-1.9458342,-0.08269623,-4.2151685,1.341431,0.0,0.0,phosphorus_ratio
0.090955116,0.014130451,0.48766324,2.0310402,0.072069176,2.5756001,1.2083328,0.0,0.0,phosphorus_ratio
0.090955116,0.014130451,0.48766324,2.0310402,0.072069176,2.5756001,1.2083328,0.0,0.0,phosphorus_ratio
-0.043339126,-0.03942334,-0.22966573,-1.9865769,-0.09416519,-3.2374704,-1.1877352,0.0,0.0,phosphorus_ratio
-0.053445123,-0.040685177,-0.27006772,-1.9782938,-0.09416519,-3.1881466,-1.1935722,0.0,0.0,phosphorus_ratio
-0.0016917165,0.014130451,0.5080168,2.1098692,-0.04845943,2.5863574,1.2610649,0.0,0.0,phosphorus_ratio
0.005000757,0.014130451,0.50858307,2.0571945,0.072069176,2.5883262,1.2344873,0.0,0.0,phosphorus_ratio
-0.053445123,-0.040685177,-0.27006772,-1.9782938,-0.09416519,-3.1881466,-1.1935722,0.0,0.0,phosphorus_ratio
-0.01216098,0.031610135,0.20179427,2.2658556,-0.005393515,3.5543013,-0.20420559,0.0,0.0,phosphorus_ratio
-0.1486343,0.017474309,-0.23918496,-3.5585742,-0.10141119,2.4928558,-2.0895736,0.0,0.0,sodium
-0.049390793,0.03841652,0.018347185,1.9313093,-0.055931177,3.1862898,1.3046513,0.0,0.0,phosphorus_ratio
-0.0010467696,0.031258807,0.06710091,2.257309,0.08131213,3.6761546,-0.41676658,0.0,0.0,phosphorus_ratio
-0.026851527,-0.023886066,1.700447,2.9433131,-0.05347159,-3.4702497,1.6370381,0.0,0.0,phosphorus_ratio
-0.017704245,0.03494423,-0.18870802,2.3566391,-0.06085255,3.5221646,-1.2054039,0.0,0.0,phosphorus_ratio
-0.06558669,0.01675323,0.2290575,-2.2340493,-0.10619886,2.665331,1.194733,0.0,0.0,phosphorus_ratio
0.090955116,0.014130451,0.48766324,2.0310402,0.072069176,2.5756001,1.2083328,0.0,0.0,phosphorus_ratio
0.005000757,0.014130451,0.50858307,2.06641,0.0510554,2.5883262,1.2462854,0.0,0.0,phosphorus_ratio
-0.053445123,-0.040685177,-0.27006772,-1.9782938,-0.09416519,-3.1881466,-1.1935722,0.0,0.0,phosphorus_ratio
-0.024445485,-0.015177917,0.34801707,-2.2534723,0.037704837,3.133872,2.1753345,0.0,0.0,phosphorus_ratio
-0.16357179,0.014308102,-0.21730535,-3.7579584,0.046735443,2.512223,-2.1386697,0.0,0.0,sodium
0.8079486,0.020537714,-0.32129648,-3.054175,0.15368937,2.7048733,-1.7981741,0.0,0.0,sodium
-0.02653189,-0.019979563,1.507205,3.025442,-0.05427081,-3.1721072,1.9272878,0.0,0.0,phosphorus_ratio
-0.015200988,-0.019470543,0.58907247,-2.4757657,-0.08269623,-4.0488267,1.4456456,0.0,0.0,phosphorus_ratio
-0.0037385058,-0.023886066,1.764583,3.0041437,-0.05347159,-3.4187655,1.7464095,0.0,0.0,phosphorus_ratio
0.05007441,0.014130451,0.50810355,2.0310402,0.072069176,2.596041,1.2083328,0.0,0.0,phosphorus_ratio
-0.027428612,-0.044235975,-0.41492987,1.8022944,-0.063048914,-4.5053363,-1.2166638,0.0,0.0,phosphorus_ratio
0.090955116,0.014130451,0.48766324,2.0310402,0.072069176,2.5756001,1.2083328,0.0,0.0,phosphorus_ratio
-0.037994374,-0.019470543,0.38245982,-2.5279498,-0.03313004,-4.0038776,1.560058,0.0,0.0,phosphorus_ratio
-0.04956957,-0.006354235,0.0028705392,1.8542126,-0.055931177,3.325022,1.2181437,0.0,0.0,phosphorus_ratio
0.090955116,0.014130451,0.48766324,2.0310402,0.072069176,2.5756001,1.2083328,0.0,0.0,phosphorus_ratio
-0.048950445,0.014130451,0.5080168,2.1091251,-0.055931177,2.577238,1.2565448,0.0,0.0,phosphorus_ratio
-0.039515585,0.03460632,-0.30549926,2.350303,-0.0683243,3.4775133,-1.2018698,0.0,0.0,phosphorus_ratio
0.090955116,0.014130451,0.48766324,2.0310402,0.072069176,2.5756001,1.2083328,0.0,0.0,phosphorus_ratio
0.090955116,0.014130451,0.5257665,2.0310402,0.072069176,2.6137035,1.1321263,0.0,0.0,phosphorus_ratio
0.005000757,0.014130451,0.50858307,2.06641,0.059441715,2.5883262,1.2378991,0.0,0.0,phosphorus_ratio
0.090955116,0.014130451,0.48766324,2.0310402,0.072069176,2.5756001,1.2083328,0.0,0.0,phosphorus_ratio
-0.021712411,0.03386284,-0.34464705,2.337394,-0.0683243,3.1097772,-1.303595,0.0,0.0,phosphorus_ratio
0.090955116,0.014130451,0.48766324,2.0310402,0.072069176,2.5756001,1.2083328,0.0,0.0,phosphorus_ratio
-0.053445123,-0.040685177,-0.27006772,-1.9782938,-0.09416519,-3.1881466,-1.1935722,0.0,0.0,phosphorus_ratio
-0.009982253,0.031258807,0.029117763,2.2791817,0.02327062,3.7099097,-0.43112698,0.0,0.0,phosphorus_ratio
-0.017235449,0.032760575,-0.33541474,2.3760688,-0.009099895,3.6240892,-0.52584827,0.0,0.0,phosphorus_ratio
0.090955116,0.014130451,0.48766324,2.0310402,0.072069176,2.5756001,1.2083328,0.0,0.0,phosphorus_ratio
-0.053445123,-0.040685177,-0.27006772,-1.9782938,-0.09416519,-3.1881466,-1.1935722,0.0,0.0,phosphorus_ratio
-0.0016917165,-0.013145781,0.5080834,2.0458367,0.03799268,2.6109264,1.2845231,0.0,0.0,phosphorus_ratio
-0.0016917165,0.014130451,0.5080168,2.1034582,0.008455504,2.5863574,1.2610649,0.0,0.0,phosphorus_ratio
-0.048950445,0.014130451,0.5080168,2.1021154,-0.055931177,2.5991428,1.2599646,0.0,0.0,phosphorus_ratio
-0.027304787,-0.044666648,-0.46159843,1.7966313,-0.063048914,-4.432675,-1.2366865,0.0,0.0,phosphorus_ratio
0.090955116,0.014130451,0.48766324,2.0310402,0.072069176,2.5756001,1.2083328,0.0,0.0,phosphorus_ratio
-0.02653189,-0.023886066,1.5257491,3.0041437,-0.05347159,-3.3449411,1.9180479,0.0,0.0,phosphorus_ratio
-0.03273885,0.07157735,0.3915936,-2.3024287,-0.09237237,2.8316433,2.1106834,0.0,0.0,phosphorus_ratio
0.090955116,0.014130451,0.48766324,2.0310402,0.072069176,2.5756001,1.2083328,0.0,0.0,phosphorus_ratio
-0.02653189,-0.023886066,1.7207905,3.0041437,-0.05347159,-3.3961926,1.7742579,0.0,0.0,phosphorus_ratio
-0.0016917165,0.014130451,0.5080168,2.0881448,0.021972923,2.608262,1.2592709,0.0,0.0,phosphorus_ratio
0.090955116,0.014130451,0.48766324,2.0310402,0.072069176,2.5756001,1.2083328,0.0,0.0,phosphorus_ratio
-0.017324002,0.03460632,-0.33541474,2.342916,-0.0683243,3.4564517,-1.25294,0.0,0.0,phosphorus_ratio
0.0008541432,0.014130451,0.50881827,2.0697336,0.03799268,2.6067567,1.2598202,0.0,0.0,phosphorus_ratio
-0.053445123,-0.040685177,-0.27006772,-1.9814593,-0.09416519,-3.191312,-1.1872413,0.0,0.0,phosphorus_ratio
0.09284672,0.031093372,0.0059275194,2.1147537,0.090334326,3.749423,-0.6112699,0.0,0.0,phosphorus_ratio
0.090955116,0.014130451,0.48766324,2.0310402,0.072069176,2.5756001,1.2083328,0.0,0.0,phosphorus_ratio
-0.053445123,-0.040685177,-0.27006772,-1.9782938,-0.09416519,-3.1881466,-1.1935722,0.0,0.0,phosphorus_ratio
-0.032026064,-0.043467082,-0.33070964,1.8008132,-0.06385632,-4.7531066,-0.9846353,0.0,0.0,phosphorus_ratio
-0.012676516,0.030813294,0.021056999,2.2525585,0.015771987,3.7606874,-0.46622083,0.0,0.0,phosphorus_ratio
0.090955116,0.014130451,0.48766324,2.0310402,0.072069176,2.5756001,1.2083328,0.0,0.0,phosphorus_ratio
0.15560848,0.0063648135,0.01590715,2.0638077,0.09973359,3.1929588,-0.42779085,0.0,0.0,phosphorus_ratio
-0.027304787,-0.044666648,-0.46159843,1.7982186,-0.063048914,-4.4541264,-1.216822,0.0,0.0,phosphorus_ratio
0.090955116,0.014130451,0.48766324,2.0310402,0.072069176,2.5756001,1.2083328,0.0,0.0,phosphorus_ratio
-0.012676516,0.031258807,0.029117763,2.300229,-0.0062066526,3.708657,-0.43567297,0.0,0.0,phosphorus_ratio
-0.027304787,-0.044666648,-0.46159843,1.7966313,-0.063048914,-4.432675,-1.2366865,0.0,0.0,phosphorus_ratio
-0.012625099,0.043171316,0.07372521,2.2055666,-0.0062066526,3.3779483,-0.4646299,0.0,0.0,phosphorus_ratio
-0.0016917165,0.014130451,0.5080168,2.0705025,0.059441715,2.588498,1.2408934,0.0,0.0,phosphorus_ratio
-0.061019365,0.032760575,-0.33541474,2.351579,-0.07059334,3.6110592,-0.6039532,0.0,0.0,phosphorus_ratio
-0.031803463,-0.016815532,0.10055623,-2.1691065,0.059711166,3.2016072,2.22373,0.0,0.0,phosphorus_ratio
-0.03927467,-0.01701875,-0.12235504,-1.9132584,-0.08269623,-4.2677994,1.4888476,0.0,0.0,phosphorus_ratio
-0.0315914,-0.014698975,0.34590635,-2.2827797,0.09885228,3.1036758,2.166019,0.0,0.0,phosphorus_ratio
0.15560848,0.031258807,0.023068946,2.0897644,0.09973359,3.6784353,-0.43740234,0.0,0.0,phosphorus_ratio
-0.039515585,0.03448173,-0.33541474,2.3264802,-0.0683243,3.4842339,-1.2419707,0.0,0.0,phosphorus_ratio
-0.053445123,-0.040685177,-0.26380768,-1.991061,-0.09416519,-3.1938727,-1.1813393,0.0,0.0,phosphorus_ratio
-0.053445123,-0.040685177,-0.26486215,-2.0274851,-0.09416519,-3.19657,-1.1754495,0.0,0.0,phosphorus_ratio
-0.012676516,0.03362146,0.029502802,2.2626371,-0.0062066526,3.6271112,-0.44812205,0.0,0.0,phosphorus_ratio
-0.039996278,-0.03709629,-0.112354405,-2.0349154,-0.05425606,-3.5475214,-0.9350407,0.0,0.0,phosphorus_ratio
-0.027304787,-0.044666648,-0.46159843,1.7966313,-0.063048914,-4.432675,-1.2366865,0.0,0.0,phosphorus_ratio
0.005000757,0.014130451,0.50858307,2.06641,0.059441715,2.5883262,1.2378991,0.0,0.0,phosphorus_ratio
-0.015728028,0.03386284,-0.31487998,2.3205087,0.03156809,3.1207275,-1.271163,0.0,0.0,phosphorus_ratio
0.090955116,0.014130451,0.48766324,2.0310402,0.072069176,2.5756001,1.2083328,0.0,0.0,phosphorus_ratio
-0.015643224,-0.04351999,-0.31924322,1.8148385,-0.06385632,-4.799789,-0.82603765,0.0,0.0,phosphorus_ratio
0.005000757,0.014130451,0.50858307,2.06641,0.0510554,2.5883262,1.2462854,0.0,0.0,phosphorus_ratio
0.068471305,0.014130451,0.49890515,2.0310402,0.072069176,2.5868423,1.2083328,0.0,0.0,phosphorus_ratio
-0.053445123,-0.040685177,-0.26380768,-1.9999912,-0.09416519,-3.1907072,-1.1876701,0.0,0.0,phosphorus_ratio
0.090955116,0.014130451,0.5257665,2.0310402,0.072069176,2.629366,1.1347789,0.0,0.0,phosphorus_ratio
0.090955116,0.014130451,0.48766324,2.0310402,0.072069176,2.5756001,1.2083328,0.0,0.0,phosphorus_ratio
0.090955116,0.014130451,0.48766324,2.0310402,0.072069176,2.5756001,1.2083328,0.0,0.0,phosphorus_ratio
-0.03788274,-0.02714856,-0.41242588,2.2136025,-0.06782718,0.7706227,-1.3189709,0.0,0.0,sodium
-0.053445123,-0.040685177,-0.27006772,-1.9782938,-0.09416519,-3.1881466,-1.1935722,0.0,0.0,phosphorus_ratio
-0.017573427,-0.040685177,-0.26746827,-1.9875441,0.085874625,-3.2425103,-1.1900545,0.0,0.0,phosphorus_ratio
-0.008174868,-0.016815532,0.071183436,-2.1256456,0.12783939,3.3019714,2.081458,0.0,0.0,phosphorus_ratio
-0.0016917165,0.014130451,0.5080168,2.1098692,0.002044377,2.5863574,1.2610649,0.0,0.0,phosphorus_ratio
